Term,Artist,Song,Album,Release Date
medium_term,Catfish and the Bottlemen,Cocoon,The Balcony,2014-09-15
medium_term,Catfish and the Bottlemen,Kathleen,The Balcony,2014-09-15
medium_term,Tate McRae,run for the hills,THINK LATER,2023-12-08
medium_term,Catfish and the Bottlemen,Fallout,The Balcony,2014-09-15
medium_term,Miley Cyrus,Jaded,Endless Summer Vacation,2023-08-18
medium_term,Billie Eilish,Halley's Comet,Happier Than Ever,2021-07-30
medium_term,Billie Eilish,ocean eyes,Ocean Eyes,2016-11-18
medium_term,Billie Eilish,Happier Than Ever,Happier Than Ever,2021-07-30
medium_term,Catfish and the Bottlemen,7,The Ride,2016-05-27
medium_term,Bad Omens,Just Pretend,THE DEATH OF PEACE OF MIND,2022-02-25
medium_term,Miley Cyrus,Used To Be Young,Endless Summer Vacation,2023-08-18
medium_term,Young the Giant,Mr. Know-It-All,Home of the Strange,2016-08-12
medium_term,Catfish and the Bottlemen,2all,The Balance,2019-04-26
medium_term,Catfish and the Bottlemen,Rango,The Balcony,2014-09-15
medium_term,Hozier,First Time,Unreal Unearth,2023-08-18
medium_term,Måneskin,SUPERMODEL,RUSH!,2023-01-20
medium_term,Billie Eilish,I Didn't Change My Number,Happier Than Ever,2021-07-30
medium_term,Bad Omens,Take Me First,THE DEATH OF PEACE OF MIND,2022-02-25
medium_term,Catfish and the Bottlemen,Sidewinder,The Balcony,2014-09-15
medium_term,Loveless,happier than ever,happier than ever,2022-01-21
medium_term,Conan Gray,Maniac,Kid Krow,2020-03-20
medium_term,The Snuts,Hallelujah Moment,Burn The Empire,2022-09-30
medium_term,Hozier,De Selby (Part 2),Unreal Unearth,2023-08-18
medium_term,Tate McRae,greedy,greedy,2023-09-15
medium_term,Catfish and the Bottlemen,Anything,The Ride,2016-05-27
medium_term,Dolly Parton,Wrecking Ball,Wrecking Ball,2023-10-20
medium_term,The Snuts,Knuckles,Burn The Empire,2022-09-30
medium_term,Tate McRae,exes,exes,2023-11-17
medium_term,BØRNS,The Emotion,Dopamine,2015-10-16
medium_term,Catfish and the Bottlemen,Emily,The Ride,2016-05-27
medium_term,Dance Gavin Dance,We Own the Night,Instant Gratification,2015-04-14
medium_term,Catfish and the Bottlemen,Hourglass,The Balcony,2014-09-15
medium_term,Hozier,Eat Your Young,Unreal Unearth,2023-08-18
medium_term,Tonight Alive,Wasting Away,Consider This,2011-11-15
medium_term,Miley Cyrus,Used To Be Young,Used To Be Young,2023-08-25
medium_term,Tate McRae,she's all i wanna be,i used to think i could fly,2022-05-27
medium_term,Sabrina Carpenter,buy me presents,fruitcake,2023-11-17
medium_term,Tate McRae,we're not alike,THINK LATER,2023-12-08
medium_term,Billie Eilish,Therefore I Am,Therefore I Am,2020-11-12
medium_term,Tate McRae,grave,THINK LATER,2023-12-08
medium_term,Olivia Rodrigo,all-american bitch,GUTS,2023-09-08
medium_term,Dance Gavin Dance,Die Another Day,Jackpot Juicer,2022-07-29
medium_term,Young the Giant,Cult of Personality,American Bollywood,2022-11-16
medium_term,Billie Eilish,wish you were gay,"WHEN WE ALL FALL ASLEEP, WHERE DO WE GO?",2019-03-29
medium_term,Young the Giant,Mind Over Matter (Reprise),Mirrorball / Mind Over Matter (Reprise),2015-04-18
medium_term,Catfish and the Bottlemen,Pacifier,The Balcony,2014-09-15
medium_term,Billie Eilish,Male Fantasy,Happier Than Ever,2021-07-30
medium_term,Hozier,All Things End,Unreal Unearth,2023-08-18
medium_term,J. Cole,Crooked Smile (feat. TLC),Born Sinner (Deluxe Version),2013-06-18
medium_term,Taylor Swift,Delicate,reputation,2017-11-10
medium_term,Hozier,Abstract (Psychopomp),Unreal Unearth,2023-08-18
medium_term,Hozier,Damage Gets Done (feat. Brandi Carlile),Unreal Unearth,2023-08-18
medium_term,Conan Gray,People Watching,Superache,2022-06-24
medium_term,Young the Giant,Repeat,Home of the Strange,2016-08-12
medium_term,Dance Gavin Dance,Young Robot,Mothership,2016-10-07
medium_term,Escape the Fate,One For the Money,Ungrateful,2013-05-14
medium_term,The Struts,Could Have Been Me,Everybody Wants,2016-03-04
medium_term,Bazzi,3:15,COSMIC,2018-04-12
medium_term,Greta Van Fleet,Light My Love,The Battle at Garden’s Gate,2021-04-16
medium_term,Taylor Swift,illicit affairs,folklore,2020-07-24
medium_term,Doja Cat,Kiss Me More (feat. SZA),Planet Her,2021-06-25
medium_term,Billie Eilish,bellyache,Bellyache,2017-02-24
medium_term,Doja Cat,Agora Hills,Scarlet,2023-09-22
medium_term,Tonight Alive,Lonely Girl,The Other Side,2013-09-10
medium_term,Bad Omens,THE DEATH OF PEACE OF MIND,THE DEATH OF PEACE OF MIND,2022-02-25
medium_term,Billie Eilish,Oxytocin,Happier Than Ever,2021-07-30
medium_term,Billie Eilish,lovely (with Khalid),lovely (with Khalid),2018-04-19
medium_term,Billie Eilish,Lost Cause,Happier Than Ever,2021-07-30
medium_term,Young the Giant,Apartment - 2020 Remaster,Young The Giant (10th Anniversary Edition),2010-10-25
medium_term,Catfish and the Bottlemen,Oxygen,The Ride,2016-05-27
medium_term,Dance Gavin Dance,Death of a Strawberry,Instant Gratification,2015-04-14
medium_term,Hozier,Unknown / Nth,Unreal Unearth,2023-08-18
medium_term,Conan Gray,Winner,Winner,2023-08-25
medium_term,John Mayer,Slow Dancing in a Burning Room,Continuum,2006-09-11
medium_term,Catfish and the Bottlemen,Fluctuate,The Balance,2019-04-26
medium_term,Miley Cyrus,Angels Like You,Plastic Hearts,2020-11-27
medium_term,Billie Eilish,Billie Bossa Nova,Happier Than Ever,2021-07-30
medium_term,Taylor Swift,Cruel Summer,Lover,2019-08-23
medium_term,Wind Walkers,Without Me,Without Me,2018-10-24
medium_term,Billie Eilish,No Time To Die,No Time To Die,2020-02-13
medium_term,Olivia Rodrigo,bad idea right?,GUTS,2023-09-08
medium_term,Conan Gray,Wish You Were Sober,Kid Krow,2020-03-20
medium_term,Young the Giant,Crystallized,Mind Over Matter,2014-01-17
medium_term,Tate McRae,you broke me first,you broke me first,2020-04-17
medium_term,Greta Van Fleet,Black Smoke Rising,From The Fires,2017-11-10
medium_term,The Warning,MORE,MORE,2023-05-12
medium_term,My Chemical Romance,Famous Last Words,The Black Parade,2006-10-23
medium_term,Catfish and the Bottlemen,Homesick,The Balcony,2014-09-15
medium_term,Young the Giant,The Walk Home,American Bollywood,2022-11-16
medium_term,Teddy Swims,Lose Control,I've Tried Everything But Therapy (Part 1),2023-09-15
medium_term,Conan Gray,Crush Culture,Sunset Season,2018-11-16
medium_term,Paramore,"For a Pessimist, I'm Pretty Optimistic",Riot!,2007-06-11
medium_term,The Snuts,Seasons,Seasons,2018-06-22
medium_term,Rise Against,Savior,Appeal To Reason,2008-01-01
medium_term,Billie Eilish,bad guy,"WHEN WE ALL FALL ASLEEP, WHERE DO WE GO?",2019-03-29
medium_term,The Snuts,Always,W.L. (Deluxe),2021-04-02
medium_term,Billie Eilish,idontwannabeyouanymore,dont smile at me,2017-12-22
medium_term,KALEO,Way down We Go,A/B,2016-06-10
medium_term,Billie Eilish,all the good girls go to hell,"WHEN WE ALL FALL ASLEEP, WHERE DO WE GO?",2019-03-29
medium_term,Stand Atlantic,"deathwish (feat. nothing,nowhere.)",f.e.a.r.,2022-05-06
medium_term,Greta Van Fleet,Safari Song,From The Fires,2017-11-10
medium_term,Hozier,Almost (Sweet Music),"Wasteland, Baby!",2019-03-01
medium_term,Nickelback,Savin' Me,All the Right Reasons,2005-09-26
medium_term,Creed,One Last Breath,Weathered,2001-01-01
medium_term,Greta Van Fleet,Meeting The Master,Starcatcher,2023-07-21
medium_term,Bad Omens,CONCRETE JUNGLE,THE DEATH OF PEACE OF MIND,2022-02-25
medium_term,VOILÀ,Therapy,Happy Never After,2022-10-07
medium_term,Hozier,Francesca,Unreal Unearth,2023-08-18
medium_term,Hozier,Who We Are,Unreal Unearth,2023-08-18
medium_term,All Time Low,Kids In The Dark,Future Hearts,2015-04-07
medium_term,Nickelback,"Animals - Live at Gwinnett Center Arena, Atlanta, GA, 3/17/2006",All the Right Reasons (Special Edition),2005-09-26
medium_term,Nickelback,If Today Was Your Last Day,Dark Horse,2008-10-28
medium_term,Noah Kahan,She Calls Me Back,Stick Season,2022-10-14
medium_term,Drake,Virginia Beach,For All The Dogs,2023-10-06
medium_term,Tonight Alive,Little Lion Man,"Punk Goes Pop, Vol. 4",2011-11-21
medium_term,Catfish and the Bottlemen,Tyrants,The Balcony,2014-09-15
medium_term,Paramore,Hallelujah,Riot!,2007-06-11
medium_term,Miley Cyrus,Flowers,Endless Summer Vacation,2023-08-18
medium_term,Rain City Drive,Talk to a Friend,To Better Days,2020-08-07
medium_term,The Snuts,Glasgow,W.L. (Deluxe),2021-04-02
medium_term,Catfish and the Bottlemen,Business,The Balcony,2014-09-15
medium_term,Point North,Safe And Sound,Prepare For Despair,2023-08-18
medium_term,Young the Giant,Silvertongue,Home of the Strange,2016-08-12
medium_term,Cage The Elephant,Trouble,Tell Me I'm Pretty,2015-12-18
medium_term,The Academic,Fake ID,Tales from the Backseat,2018-01-12
medium_term,Nickelback,Savin' Me,All the Right Reasons (Special Edition),2005-09-26
medium_term,Greta Van Fleet,You're The One,Anthem Of The Peaceful Army,2018-10-19
medium_term,Death Cab for Cutie,I Will Follow You into the Dark,Plans,2005-08-29
medium_term,Billie Eilish,you should see me in a crown,"WHEN WE ALL FALL ASLEEP, WHERE DO WE GO?",2019-03-29
medium_term,KALEO,Alter Ego,Surface Sounds,2021-04-23
medium_term,Conan Gray,Memories,Superache,2022-06-24
medium_term,Miley Cyrus,The Climb,Hannah Montana The Movie,2009-01-01
medium_term,All Time Low,Some Kind of Disaster,"Wake Up, Sunshine",2020-04-03
medium_term,Nickelback,Photograph,All the Right Reasons (Special Edition),2005-09-26
medium_term,Catfish and the Bottlemen,26,The Balcony,2014-09-15
medium_term,Gracie Abrams,The Bottom,This Is What It Feels Like,2021-11-12
medium_term,All Time Low,Sleepwalking,Tell Me I'm Alive,2023-03-17
medium_term,Vance Joy,Mess Is Mine,Dream Your Life Away (Special Edition),2014-09-09
medium_term,Dua Lipa,Houdini,Houdini,2023-11-09
medium_term,Nickelback,Far Away,All the Right Reasons (Special Edition),2005-09-26
medium_term,Bad Omens,Limits,Finding God Before God Finds Me (Deluxe),2020-01-17
medium_term,Miley Cyrus,High,Plastic Hearts,2020-11-27
medium_term,The Academic,Bear Claws,Tales from the Backseat,2018-01-12
medium_term,Hozier,Nobody,"Wasteland, Baby!",2019-03-01
medium_term,Sadie Hawkins,The Way You Break My Heart,The Way You Break My Heart,2019-06-14
medium_term,Gracie Abrams,Rockland,This Is What It Feels Like,2021-11-12
medium_term,Wallows,Scrawny,Nothing Happens,2019-03-22
medium_term,John Mayer,I Guess I Just Feel Like,Sob Rock,2021-07-16
medium_term,lovelytheband,broken,finding it hard to smile,2018-08-03
medium_term,Thirty Seconds To Mars,The Kill,A Beautiful Lie,2005-01-01
medium_term,Conan Gray,Family Line,Superache,2022-06-24
medium_term,Bazzi,Heaven,Infinite Dream,2022-09-16
medium_term,BØRNS,Holy Ghost,Dopamine,2015-10-16
medium_term,Nickelback,Rockstar,All the Right Reasons (Special Edition),2005-09-26
medium_term,Breaking Benjamin,The Diary of Jane - Single Version,Phobia (Clean Version),2006-01-01
medium_term,One Morning Left,Beat It,Beat It,2021-10-29
medium_term,Dance Gavin Dance,Son of Robot,Artificial Selection,2018-06-08
medium_term,Gracie Abrams,Block me out,Block me out,2022-04-08
medium_term,All Time Low,Something's Gotta Give,Future Hearts,2015-04-07
medium_term,Nickelback,Far Away - 2020 Remaster,All The Right Reasons (15th Anniversary Expanded Edition),2005
medium_term,Arctic Monkeys,Cornerstone,Humbug,2009-08-20
medium_term,Chappell Roan,Casual,The Rise and Fall of a Midwest Princess,2023-09-22
medium_term,Nickelback,How You Remind Me,Silver Side Up,2001-09-11
medium_term,John Mayer,Last Train Home,Sob Rock,2021-07-16
medium_term,Bazzi,I Like That,Infinite Dream,2022-09-16
medium_term,I DONT KNOW HOW BUT THEY FOUND ME,Choke,Choke,2018-08-24
medium_term,MUNA,Silk Chiffon,MUNA,2022-06-24
medium_term,Nickelback,Next Contestant,All the Right Reasons (Special Edition),2005-09-26
medium_term,COIN,Talk Too Much,How Will You Know If You Never Try,2017-04-21
medium_term,Young the Giant,Mind Over Matter,Mind Over Matter,2014-01-17
medium_term,Olivia Rodrigo,get him back!,GUTS,2023-09-08
medium_term,All Time Low,"Oh, Calamity!",Don't Panic: It's Longer Now!,2013-09-30
medium_term,Taylor Swift,right where you left me - bonus track,evermore (deluxe version),2021-01-07
medium_term,Kendrick Lamar,"Bitch, Don’t Kill My Vibe","good kid, m.A.A.d city",2012
medium_term,The Neighbourhood,Afraid,I Love You.,2013-04-19
medium_term,Hozier,To Noise Making (Sing),"Wasteland, Baby!",2019-03-01
medium_term,The Chainsmokers,Who Do You Love,World War Joy,2019-12-06
medium_term,Adele,All I Ask,25,2015-11-20
medium_term,Nickelback,Someone That You're With,All the Right Reasons (Special Edition),2005-09-26
medium_term,Young the Giant,Something to Believe In,Home of the Strange,2016-08-12
medium_term,The Academic,Bite My Tongue,Tales from the Backseat,2018-01-12
medium_term,Miley Cyrus,Prisoner (feat. Dua Lipa),Plastic Hearts,2020-11-27
medium_term,Nickelback,"Photograph - Live at Gwinnett Center Arena, Atlanta, GA, 3/17/2006",All the Right Reasons (Special Edition),2005-09-26
medium_term,The Academic,Why Can't We Be Friends?,Tales from the Backseat,2018-01-12
medium_term,Asking Alexandria,Alone In A Room,Asking Alexandria,2017-12-15
medium_term,Gracie Abrams,Where do we go now?,Good Riddance (Deluxe),2023-06-16
medium_term,Bad Omens,The Worst In Me,Bad Omens,2016-08-19
medium_term,Nickelback,Animals,All the Right Reasons (Special Edition),2005-09-26
medium_term,Logic,Under Pressure,Under Pressure (Deluxe),2014-10-21
medium_term,The Academic,Mixtape 2003,Mixtape 2003,2016-08-19
medium_term,First and Forever,Sick Little Games,Sick Little Games,2021-10-08
medium_term,Linkin Park,Numb,Meteora,2003-09-16
medium_term,DON BROCO,Nerve,Automatic,2016-11-11
medium_term,Billie Eilish,Ocean Eyes - Blackbear Remix,Ocean Eyes (The Remixes),2017-01-13
medium_term,Olivia Rodrigo,vampire,GUTS,2023-09-08
medium_term,Mumford & Sons,I Will Wait,Babel (Deluxe Version),2012-09-25
medium_term,5 Seconds of Summer,Jet Black Heart,Sounds Good Feels Good (Deluxe),2015-10-23
medium_term,Doja Cat,Paint The Town Red,Paint The Town Red,2023-08-04
medium_term,KALEO,All the Pretty Girls,A/B,2016-06-10
medium_term,JID,Surround Sound (feat. 21 Savage & Baby Tate),The Forever Story (Extended Version),2022-10-31
medium_term,Creed,My Sacrifice,Weathered,2001-01-01
medium_term,Nickelback,Photograph,All the Right Reasons,2005-09-26
medium_term,John Mayer,In the Blood,The Search for Everything,2017-04-14
medium_term,The Academic,Thought I Told You,Loose Friends,2015-10-30
medium_term,Peach Pit,Alrighty Aphrodite,Being So Normal,2018-06-28
medium_term,Gracie Abrams,Difficult,Good Riddance (Deluxe),2023-06-16
medium_term,The Academic,Different,Loose Friends,2015-10-30
medium_term,Chappell Roan,Red Wine Supernova,Red Wine Supernova,2023-05-17
medium_term,John Mayer,Stop This Train,Continuum,2006-09-11
medium_term,Sum 41,Still Waiting,Does This Look Infected?,2002-01-01
medium_term,John Mayer,New Light,Sob Rock,2021-07-16
medium_term,Del Water Gap,Ode to a Conversation Stuck in Your Throat,Del Water Gap,2021-10-08
medium_term,The Kid LAROI,STAY (with Justin Bieber),STAY (with Justin Bieber),2021-07-09
medium_term,Death Cab for Cutie,Soul Meets Body,Plans,2005-08-29
medium_term,Matt Maeson,Hallucinogenics,Bank On The Funeral,2019-04-05
medium_term,Catfish and the Bottlemen,Longshot,The Balance,2019-04-26
medium_term,Hozier,Shrike,"Wasteland, Baby!",2019-03-01
medium_term,Halsey,Alone,hopeless fountain kingdom (Deluxe),2017-06-02
medium_term,5 Seconds of Summer,Old Me,CALM,2020-03-27
medium_term,John Mayer,Carry Me Away,Sob Rock,2021-07-16
medium_term,Stevie Wonder,For Once In My Life,For Once In My Life,1968-12-01
medium_term,Of Monsters and Men,Mountain Sound,My Head Is An Animal,2012-01-01
medium_term,Young the Giant,Cough Syrup,Young The Giant (Special Edition),2011
medium_term,Hozier,Nina Cried Power (feat. Mavis Staples),"Wasteland, Baby!",2019-03-01
medium_term,Hozier,Work Song,Hozier,2014-10-07
medium_term,Night Riots,Back to Your Love,Young Lore,2013-07-30
medium_term,Berhana,Janet,Berhana,2016-07-21
medium_term,Jack Harlow,Lovin On Me,Lovin On Me,2023-11-10
medium_term,Phoebe Bridgers,Scott Street,Stranger in the Alps (Deluxe Edition),2018-10-02
medium_term,Post Malone,Better Now,beerbongs & bentleys,2018-04-27
medium_term,Arctic Monkeys,Why'd You Only Call Me When You're High?,AM,2013-09-09
medium_term,Olivia Rodrigo,ballad of a homeschooled girl,GUTS,2023-09-08
medium_term,Tate McRae,exes,THINK LATER,2023-12-08
medium_term,Hozier,Arsonist's Lullabye,From Eden EP,2014-03-09
medium_term,Young the Giant,Superposition,Mirror Master,2018-10-12
medium_term,All Time Low,"Dear Maria, Count Me In","So Wrong, It's Right",2007-09-25
medium_term,Reba McEntire,I'm A Survivor,Greatest Hits Volume III - I'm A Survivor,2001-10-23
medium_term,Hozier,Eat Your Young,Eat Your Young,2023-03-17
medium_term,The Academic,Chasers,Loose Friends,2015-10-30
medium_term,Gracie Abrams,Friend,minor,2020-07-14
medium_term,5 Seconds of Summer,She Looks So Perfect,5 Seconds Of Summer,2014-06-27
medium_term,Arctic Monkeys,Fluorescent Adolescent,Favourite Worst Nightmare (Standard Version),2007-04-24
medium_term,Kenya Grace,Strangers,Strangers,2023-09-01
medium_term,All Time Low,A Love Like War (feat. Vic Fuentes),Don't Panic: It's Longer Now!,2013-09-30
medium_term,Two Door Cinema Club,What You Know,Tourist History,2010-02-17
medium_term,Mt. Joy,Strangers,Rearrange Us,2020-06-05
medium_term,Conan Gray,Greek God,Sunset Season,2018-11-16
medium_term,Dominic Fike,Babydoll,"Don't Forget About Me, Demos",2018-10-16
medium_term,John Mayer,Vultures,Continuum,2006-09-11
medium_term,Hozier,Sunlight,"Wasteland, Baby!",2019-03-01
